[{"@type":"mtTask","id":"@1","name":"mt_IICS_SA01_EAI_AEPROCESS","description":"","runtimeEnvironmentId":"@5cmGOvg3aOOcKvEBDZv2ow","maxLogs":10,"verbose":false,"lastRunTime":1588849292000,"mappingId":"@3CP6gpPJbCHh8CmHugCISL","shortDescription":"","sessionProperties":{"Stop on errors":"1"},"enableCrossSchemaPushdown":true,"parameters":[{"@type":"mtTaskParameter","id":61269934,"name":"$Source$","type":"EXTENDED_SOURCE","label":"conn_PGRE_NTVE_CONN","description":"","uiProperties":{"connectionParameterized":"true","logcnx":"conn_PGRE_NTVE_CONN","isMsrcFilterParameterized":"false","isMsrcSortParameterized":"false","objectParameterized":"false","visible":"false"},"sourceConnectionId":"@6cNFIvao1f5luUdBDZaLiz","newFlatFile":false,"newObject":false,"showBusinessNames":true,"naturalOrder":true,"truncateTarget":false,"bulkApiDBTarget":false,"customFuncCfg":{"@type":"customFuncConfig","id":-1,"connections":[],"inputMap":[],"outputFields":[]},"tgtFieldRefs":{},"targetUpdateColumns":[],"extendedObject":{"@type":"extendedObject","object":{"@type":"mObject","name":"activevos/public/TABLE/aeprocess","label":"aeprocess","metadataUpdated":false,"relations":[],"children":[]},"advancedFilterExpression":"aeprocess.processid   >=  $$PID_01","filters":[],"sortFields":[]},"runtimeAttrs":{},"isRESTModernSource":true,"isFileList":false,"handleSpecialChars":false,"frsAsset":false,"fetchMode":"ORIGINAL","tgtObjectAttributes":{},"runtimeParameterData":{"@type":"mtTaskRuntimeParameterData","isConnectionRuntimeParameter":false,"isObjectRuntimeParameter":false,"connectionParameterName":"conn_PGRE_NTVE_CONN"},"overriddenFields":[]},{"@type":"mtTaskParameter","id":61269937,"name":"$Target$","type":"TARGET","label":"Target","uiProperties":{"connectionParameterized":"false","objectParameterized":"false","visible":"false","defaultTargetUpdateColumns":"srcdbinstance,processid"},"targetConnectionId":"@21VmuZjy92kfyt98rUeakg","targetObject":"EAI_AEPROCESS","targetObjectLabel":"EAI_AEPROCESS","newFlatFile":false,"newObject":false,"showBusinessNames":false,"naturalOrder":true,"truncateTarget":false,"bulkApiDBTarget":false,"operationType":"Upsert","customFuncCfg":{"@type":"customFuncConfig","id":-1,"connections":[],"inputMap":[],"outputFields":[]},"tgtFieldRefs":{},"targetUpdateColumns":["srcdbinstance","processid"],"extendedObject":{"@type":"extendedObject","filters":[],"sortFields":[]},"runtimeAttrs":{},"isRESTModernSource":true,"isFileList":false,"handleSpecialChars":false,"frsAsset":false,"fetchMode":"ORIGINAL","tgtObjectAttributes":{},"runtimeParameterData":{"@type":"mtTaskRuntimeParameterData","isConnectionRuntimeParameter":false,"isObjectRuntimeParameter":false},"overriddenFields":[]},{"@type":"mtTaskParameter","id":61269940,"name":"$srcdbinstance$","type":"STRING","text":"'PSA01'","label":"srcdbinstance","description":"","uiProperties":{},"newFlatFile":false,"newObject":false,"showBusinessNames":true,"naturalOrder":true,"truncateTarget":false,"bulkApiDBTarget":false,"customFuncCfg":{"@type":"customFuncConfig","id":-1,"connections":[],"inputMap":[],"outputFields":[]},"tgtFieldRefs":{},"targetUpdateColumns":[],"runtimeAttrs":{},"isRESTModernSource":true,"isFileList":false,"handleSpecialChars":false,"frsAsset":false,"fetchMode":"ORIGINAL","tgtObjectAttributes":{},"runtimeParameterData":{"@type":"mtTaskRuntimeParameterData","isConnectionRuntimeParameter":false,"isObjectRuntimeParameter":false},"overriddenFields":[]}],"sequences":[],"inOutParameters":[{"@type":"mtTaskInOutParameter","id":"-1","name":"PID_01","description":"","initialValue":"","datatype":"BIGINT","precision":"19","scale":"0","retentionPolicy":"ON_SUCCESS_OR_WARNING","aggregationType":"MAX","currentValue":"9731169"},{"@type":"mtTaskInOutParameter","id":"-1","name":"BATCH_ID","description":"","initialValue":"","datatype":"DECIMAL","precision":"22","scale":"0","retentionPolicy":"ON_SUCCESS_OR_WARNING","aggregationType":"MAX","currentValue":"443004070352228352"}],"connRuntimeAttrs":[]}]