[{"@type":"mtTask","id":"@1","name":"mt_IICS_EAI_GET_MAX_PID","description":"","runtimeEnvironmentId":"@5cmGOvg3aOOcKvEBDZv2ow","maxLogs":10,"verbose":false,"lastRunTime":1588849350000,"mappingId":"@keuhDnhYGCHhKtrR4lNR4C","shortDescription":"","sessionProperties":{"Stop on errors":"1"},"enableCrossSchemaPushdown":true,"parameters":[{"@type":"mtTaskParameter","id":61386928,"name":"$Source$","type":"SOURCE","label":"Source","uiProperties":{"connectionParameterized":"false","objectParameterized":"false","visible":"false"},"sourceConnectionId":"@aG6V4Ffw7EqhaXTduTDPCN","sourceObject":"DUMMY_Source","newFlatFile":false,"newObject":false,"showBusinessNames":false,"naturalOrder":true,"truncateTarget":false,"bulkApiDBTarget":false,"customFuncCfg":{"@type":"customFuncConfig","id":-1,"connections":[],"inputMap":[],"outputFields":[]},"tgtFieldRefs":{},"targetUpdateColumns":[],"runtimeAttrs":{},"isRESTModernSource":true,"customQuery":"select sq_srcdbinstance, min(max_processid) as min_of_max_processid from ( \nselect cast('$$dflt_srcdb01' as varchar(16)) as sq_srcdbinstance, cast('EAI_AEPROCESSLOGDATA' as varchar(16)) as sq_srctbl, COALESCE(max(processid),0) as max_processid\n from EIS_DM_VW.EAI_AEPROCESSLOGDATA where srcdbinstance='$$dflt_srcdb01' \n UNION \nselect cast('$$dflt_srcdb01' as varchar(9)) as sq_srcdbinstance, cast('EAI_AEPROCESS' as varchar(13)) as sq_srctbl, COALESCE(max(processid),0) as max_processid \nfrom EIS_DM_VW.EAI_AEPROCESS where srcdbinstance='$$dflt_srcdb01'\n UNION \n select cast('$$dflt_srcdb02' as varchar(16)) as sq_srcdbinstance, cast('EAI_AEPROCESSLOGDATA' as varchar(16)) as sq_srctbl, COALESCE(max(processid),0) as max_processid \n from EIS_DM_VW.EAI_AEPROCESSLOGDATA where srcdbinstance='$$dflt_srcdb02'\n UNION\n select cast('$$dflt_srcdb02' as varchar(9)) as sq_srcdbinstance, cast('EAI_AEPROCESS' as varchar(13)) as sq_srctbl, COALESCE(max(processid),0) as max_processid \n from EIS_DM_VW.EAI_AEPROCESS where srcdbinstance='$$dflt_srcdb02')\n UQ group by sq_srcdbinstance having sq_srcdbinstance='$$srcdbinstance'","isFileList":false,"handleSpecialChars":false,"frsAsset":false,"fetchMode":"ORIGINAL","tgtObjectAttributes":{},"runtimeParameterData":{"@type":"mtTaskRuntimeParameterData","isConnectionRuntimeParameter":false,"isObjectRuntimeParameter":false},"overriddenFields":[]},{"@type":"mtTaskParameter","id":61386931,"name":"$Target$","type":"TARGET","label":"Target","uiProperties":{"connectionParameterized":"false","objectParameterized":"false","visible":"false","defaultTargetUpdateColumns":""},"targetConnectionId":"@2nqL6cBob8PhrzE54sfqeF","targetObject":"maxPID.txt","targetObjectLabel":"maxPID.txt","newFlatFile":false,"newObject":true,"showBusinessNames":false,"naturalOrder":true,"newObjectName":"maxPID.txt","truncateTarget":false,"bulkApiDBTarget":false,"operationType":"Insert","tgtFFAttrs":{"@type":"flatFileAttrs","id":11247901,"delimiter":",","textQualifier":"\"","escapeChar":"","headerLineNo":1},"customFuncCfg":{"@type":"customFuncConfig","id":-1,"connections":[],"inputMap":[],"outputFields":[]},"tgtFieldRefs":{},"targetUpdateColumns":[],"extendedObject":{"@type":"extendedObject","filters":[],"sortFields":[]},"runtimeAttrs":{},"isRESTModernSource":true,"isFileList":false,"handleSpecialChars":false,"frsAsset":false,"fetchMode":"ORIGINAL","tgtObjectAttributes":{},"runtimeParameterData":{"@type":"mtTaskRuntimeParameterData","isConnectionRuntimeParameter":false,"isObjectRuntimeParameter":false},"overriddenFields":[]}],"sequences":[],"inOutParameters":[{"@type":"mtTaskInOutParameter","id":"-1","name":"PID_01","description":"","initialValue":"","datatype":"BIGINT","precision":"19","scale":"0","retentionPolicy":"ON_SUCCESS_OR_WARNING","aggregationType":"MAX","currentValue":"9731169"},{"@type":"mtTaskInOutParameter","id":"-1","name":"srcdbinstance","description":"","initialValue":"","datatype":"STRING","precision":"5","scale":"0","retentionPolicy":"NEVER","aggregationType":"MAX","currentValue":"PSA02"},{"@type":"mtTaskInOutParameter","id":"-1","name":"dflt_srcdb01","description":"","initialValue":"","datatype":"STRING","precision":"5","scale":"0","retentionPolicy":"ON_SUCCESS_OR_WARNING","aggregationType":"MAX","currentValue":"PSA01"},{"@type":"mtTaskInOutParameter","id":"-1","name":"dflt_srcdb02","description":"","initialValue":"","datatype":"STRING","precision":"5","scale":"0","retentionPolicy":"ON_SUCCESS_OR_WARNING","aggregationType":"MAX","currentValue":"PSA02"},{"@type":"mtTaskInOutParameter","id":"-1","name":"PID_02","description":"","initialValue":"","datatype":"BIGINT","precision":"19","scale":"0","retentionPolicy":"ON_SUCCESS_OR_WARNING","aggregationType":"MAX","currentValue":"8845359"}],"connRuntimeAttrs":[]}]