[{"@type":"fileRecord","id":"@2","name":"extension","type":"XML","size":26431,"attachTime":1580149050000},{"@type":"fileRecord","id":"@5","name":"request","type":"XSD","size":7224,"attachTime":1580149050000},{"@type":"fileRecord","id":"@6","name":"response","type":"XSD","size":10278,"attachTime":1580149050000},{"@type":"fileRecord","id":"@3","name":"fault","type":"XSD","size":6194,"attachTime":1580149050000},{"@type":"fileRecord","id":"@4","name":"metadata","type":"JSON","size":4915,"attachTime":1580149050000}]