[{"@type":"mtTask","id":"@1","name":"mt_RECON_PROCESS_EXTRACT_COUNTS_ADJ_POST","description":"This task will complete previously inserted recon record in EDI_ABC_MSTR_LOG table with proper source, target count and recon status.\r\nIt also makes an entry to EDI_ABC_DETL_LOG table in EIS server with Metric Description, Source Value, target Value and proper Recon Status.","runtimeEnvironmentId":"@5cmGOvg3aOOcKvEBDZv2ow","maxLogs":10,"verbose":false,"lastRunTime":1560780451000,"mappingId":"@8Jp5oGfry3LblLpdmoK6Ck","shortDescription":"This task will complete previously inserted recon ...","sessionProperties":{},"enableCrossSchemaPushdown":true,"parameterFileName":"CHR/HRS/HRS_HARPAY_RECON_PROCESS_ADJ_POST_Param.txt","parameters":[{"@type":"mtTaskParameter","id":11081893,"name":"$SQ_DUMMY$","type":"SOURCE","label":"SQ_DUMMY","uiProperties":{"connectionParameterized":"false","objectParameterized":"false","visible":"false"},"sourceConnectionId":"@8SZPZ9ebtIUf0nc1VnH50e","sourceObject":"DUMMY_SQ_DUMMY","newFlatFile":false,"newObject":false,"showBusinessNames":false,"naturalOrder":true,"truncateTarget":false,"bulkApiDBTarget":false,"customFuncCfg":{"@type":"customFuncConfig","id":-1,"connections":[],"inputMap":[],"outputFields":[]},"tgtFieldRefs":{},"targetUpdateColumns":[],"runtimeAttrs":{},"isRESTModernSource":true,"customQuery":"SELECT TO_CHAR(TRUNC(SYSDATE),'MMDDYYYY') DUMMY FROM DUAL","isFileList":false,"handleSpecialChars":false,"frsAsset":false,"tgtObjectAttributes":{},"runtimeParameterData":{"@type":"mtTaskRuntimeParameterData","isConnectionRuntimeParameter":false,"isObjectRuntimeParameter":false},"overriddenFields":[]},{"@type":"mtTaskParameter","id":11081894,"name":"$SQ_UVN_HAR_PAY_DTL$","type":"SOURCE","label":"SQ_UVN_HAR_PAY_DTL","uiProperties":{"connectionParameterized":"false","objectParameterized":"false","visible":"false"},"sourceConnectionId":"@8SZPZ9ebtIUf0nc1VnH50e","sourceObject":"DUMMY_SQ_UVN_HAR_PAY_DTL","newFlatFile":false,"newObject":false,"showBusinessNames":false,"naturalOrder":true,"truncateTarget":false,"bulkApiDBTarget":false,"customFuncCfg":{"@type":"customFuncConfig","id":-1,"connections":[],"inputMap":[],"outputFields":[]},"tgtFieldRefs":{},"targetUpdateColumns":[],"runtimeAttrs":{},"isRESTModernSource":true,"customQuery":"select COUNT(*) PERIOD_01, SUM(AMOUNT) AMOUNT from $$Param_Owner2.uvn_har_pay_dtl where posted='X'","isFileList":false,"handleSpecialChars":false,"frsAsset":false,"tgtObjectAttributes":{},"runtimeParameterData":{"@type":"mtTaskRuntimeParameterData","isConnectionRuntimeParameter":false,"isObjectRuntimeParameter":false},"overriddenFields":[]},{"@type":"mtTaskParameter","id":11081895,"name":"$EDI_ABC_DETL_LOG_NEW$","type":"TARGET","label":"EDI_ABC_DETL_LOG_NEW","uiProperties":{"connectionParameterized":"false","objectParameterized":"false","visible":"false","defaultTargetUpdateColumns":"BTCH_ID"},"targetConnectionId":"@3qqUzsZRJw1j1QqGl9mucS","targetObject":"EDI_ABC_DETL_LOG","targetObjectLabel":"EDI_ABC_DETL_LOG","newFlatFile":false,"newObject":false,"showBusinessNames":false,"naturalOrder":true,"truncateTarget":false,"bulkApiDBTarget":false,"operationType":"Rowbased","customFuncCfg":{"@type":"customFuncConfig","id":-1,"connections":[],"inputMap":[],"outputFields":[]},"tgtFieldRefs":{},"targetUpdateColumns":["BTCH_ID"],"extendedObject":{"@type":"extendedObject","filters":[],"sortFields":[]},"runtimeAttrs":{},"isRESTModernSource":true,"isFileList":false,"handleSpecialChars":false,"frsAsset":false,"tgtObjectAttributes":{},"runtimeParameterData":{"@type":"mtTaskRuntimeParameterData","isConnectionRuntimeParameter":false,"isObjectRuntimeParameter":false},"overriddenFields":[]},{"@type":"mtTaskParameter","id":11081896,"name":"$EDI_ABC_MSTR_LOG_NEW$","type":"TARGET","label":"EDI_ABC_MSTR_LOG_NEW","uiProperties":{"connectionParameterized":"false","objectParameterized":"false","visible":"false","defaultTargetUpdateColumns":"BTCH_ID"},"targetConnectionId":"@3qqUzsZRJw1j1QqGl9mucS","targetObject":"EDI_ABC_MSTR_LOG","targetObjectLabel":"EDI_ABC_MSTR_LOG","newFlatFile":false,"newObject":false,"showBusinessNames":false,"naturalOrder":true,"truncateTarget":false,"bulkApiDBTarget":false,"operationType":"Rowbased","customFuncCfg":{"@type":"customFuncConfig","id":-1,"connections":[],"inputMap":[],"outputFields":[]},"tgtFieldRefs":{},"targetUpdateColumns":["BTCH_ID"],"extendedObject":{"@type":"extendedObject","filters":[],"sortFields":[]},"runtimeAttrs":{},"isRESTModernSource":true,"isFileList":false,"handleSpecialChars":false,"frsAsset":false,"tgtObjectAttributes":{},"runtimeParameterData":{"@type":"mtTaskRuntimeParameterData","isConnectionRuntimeParameter":false,"isObjectRuntimeParameter":false},"overriddenFields":[]},{"@type":"mtTaskParameter","id":11081897,"name":"$EDI_ABC_MSTR_LOG_NEW1$","type":"TARGET","label":"EDI_ABC_MSTR_LOG_NEW1","uiProperties":{"connectionParameterized":"false","objectParameterized":"false","visible":"false","defaultTargetUpdateColumns":"BTCH_ID"},"targetConnectionId":"@3qqUzsZRJw1j1QqGl9mucS","targetObject":"EDI_ABC_MSTR_LOG","targetObjectLabel":"EDI_ABC_MSTR_LOG","newFlatFile":false,"newObject":false,"showBusinessNames":false,"naturalOrder":true,"truncateTarget":false,"bulkApiDBTarget":false,"operationType":"Rowbased","customFuncCfg":{"@type":"customFuncConfig","id":-1,"connections":[],"inputMap":[],"outputFields":[]},"tgtFieldRefs":{},"targetUpdateColumns":["BTCH_ID"],"extendedObject":{"@type":"extendedObject","filters":[],"sortFields":[]},"runtimeAttrs":{},"isRESTModernSource":true,"isFileList":false,"handleSpecialChars":false,"frsAsset":false,"tgtObjectAttributes":{},"runtimeParameterData":{"@type":"mtTaskRuntimeParameterData","isConnectionRuntimeParameter":false,"isObjectRuntimeParameter":false},"overriddenFields":[]},{"@type":"mtTaskParameter","id":11081898,"name":"$lkp_MSTR$","type":"LOOKUP","label":"lkp_MSTR","uiProperties":{"connectionParameterized":"false","isCachedLookup":"true","objectParameterized":"false","visible":"false"},"lookupConnectionId":"@3qqUzsZRJw1j1QqGl9mucS","lookupObject":"EDI_ABC_MSTR_LOG","lookupObjectLabel":"EDI_ABC_MSTR_LOG","newFlatFile":false,"newObject":false,"showBusinessNames":false,"naturalOrder":true,"truncateTarget":false,"bulkApiDBTarget":false,"customFuncCfg":{"@type":"customFuncConfig","id":-1,"connections":[],"inputMap":[],"outputFields":[]},"tgtFieldRefs":{},"targetUpdateColumns":[],"runtimeAttrs":{},"isRESTModernSource":true,"isFileList":false,"handleSpecialChars":false,"frsAsset":false,"tgtObjectAttributes":{},"runtimeParameterData":{"@type":"mtTaskRuntimeParameterData","isConnectionRuntimeParameter":false,"isObjectRuntimeParameter":false},"overriddenFields":[]},{"@type":"mtTaskParameter","id":11081899,"name":"$lkp_TOTAL_VALUE$","type":"LOOKUP","label":"lkp_TOTAL_VALUE","uiProperties":{"connectionParameterized":"false","objectParameterized":"false","visible":"false"},"lookupConnectionId":"@6VLGAmwbNRjeKEA6zebu43","lookupObject":"trgt_ff_date1_ADJ.txt","lookupObjectLabel":"trgt_ff_date1_ADJ.txt","newFlatFile":false,"newObject":false,"showBusinessNames":false,"naturalOrder":true,"truncateTarget":false,"bulkApiDBTarget":false,"lkpFFAttrs":{"@type":"flatFileAttrs","id":2091163,"delimiter":",","textQualifier":"\"","escapeChar":"","headerLineNo":1,"firstDataRow":2},"customFuncCfg":{"@type":"customFuncConfig","id":-1,"connections":[],"inputMap":[],"outputFields":[]},"tgtFieldRefs":{},"targetUpdateColumns":[],"runtimeAttrs":{},"isRESTModernSource":true,"isFileList":false,"handleSpecialChars":false,"frsAsset":false,"tgtObjectAttributes":{},"runtimeParameterData":{"@type":"mtTaskRuntimeParameterData","isConnectionRuntimeParameter":false,"isObjectRuntimeParameter":false},"overriddenFields":[]},{"@type":"mtTaskParameter","id":11081900,"name":"$Dept_name$","type":"STRING","text":"INTEGRATION","label":"Dept_name","description":"","uiProperties":{},"newFlatFile":false,"newObject":false,"showBusinessNames":true,"naturalOrder":true,"truncateTarget":false,"bulkApiDBTarget":false,"customFuncCfg":{"@type":"customFuncConfig","id":-1,"connections":[],"inputMap":[],"outputFields":[]},"tgtFieldRefs":{},"targetUpdateColumns":[],"runtimeAttrs":{},"isRESTModernSource":true,"isFileList":false,"handleSpecialChars":false,"frsAsset":false,"tgtObjectAttributes":{},"runtimeParameterData":{"@type":"mtTaskRuntimeParameterData","isConnectionRuntimeParameter":false,"isObjectRuntimeParameter":false},"overriddenFields":[]},{"@type":"mtTaskParameter","id":11081901,"name":"$Job_name$","type":"STRING","text":"mt_RECON_PROCESS_EXTRACT_COUNTS_POST","label":"Job_name","description":"","uiProperties":{},"newFlatFile":false,"newObject":false,"showBusinessNames":true,"naturalOrder":true,"truncateTarget":false,"bulkApiDBTarget":false,"customFuncCfg":{"@type":"customFuncConfig","id":-1,"connections":[],"inputMap":[],"outputFields":[]},"tgtFieldRefs":{},"targetUpdateColumns":[],"runtimeAttrs":{},"isRESTModernSource":true,"isFileList":false,"handleSpecialChars":false,"frsAsset":false,"tgtObjectAttributes":{},"runtimeParameterData":{"@type":"mtTaskRuntimeParameterData","isConnectionRuntimeParameter":false,"isObjectRuntimeParameter":false},"overriddenFields":[]},{"@type":"mtTaskParameter","id":11081902,"name":"$Prcs_name$","type":"STRING","text":"OUTBOUND","label":"Prcs_name","description":"","uiProperties":{},"newFlatFile":false,"newObject":false,"showBusinessNames":true,"naturalOrder":true,"truncateTarget":false,"bulkApiDBTarget":false,"customFuncCfg":{"@type":"customFuncConfig","id":-1,"connections":[],"inputMap":[],"outputFields":[]},"tgtFieldRefs":{},"targetUpdateColumns":[],"runtimeAttrs":{},"isRESTModernSource":true,"isFileList":false,"handleSpecialChars":false,"frsAsset":false,"tgtObjectAttributes":{},"runtimeParameterData":{"@type":"mtTaskRuntimeParameterData","isConnectionRuntimeParameter":false,"isObjectRuntimeParameter":false},"overriddenFields":[]},{"@type":"mtTaskParameter","id":11081903,"name":"$Proj_name$","type":"STRING","text":"HAR","label":"Proj_name","description":"","uiProperties":{},"newFlatFile":false,"newObject":false,"showBusinessNames":true,"naturalOrder":true,"truncateTarget":false,"bulkApiDBTarget":false,"customFuncCfg":{"@type":"customFuncConfig","id":-1,"connections":[],"inputMap":[],"outputFields":[]},"tgtFieldRefs":{},"targetUpdateColumns":[],"runtimeAttrs":{},"isRESTModernSource":true,"isFileList":false,"handleSpecialChars":false,"frsAsset":false,"tgtObjectAttributes":{},"runtimeParameterData":{"@type":"mtTaskRuntimeParameterData","isConnectionRuntimeParameter":false,"isObjectRuntimeParameter":false},"overriddenFields":[]},{"@type":"mtTaskParameter","id":11081904,"name":"$Src_Sys_name$","type":"STRING","text":"HCR_Indirect_File_Name.txt","label":"Src_Sys_name","description":"","uiProperties":{"default":"DEFAULT-VALUE"},"newFlatFile":false,"newObject":false,"showBusinessNames":true,"naturalOrder":true,"truncateTarget":false,"bulkApiDBTarget":false,"customFuncCfg":{"@type":"customFuncConfig","id":-1,"connections":[],"inputMap":[],"outputFields":[]},"tgtFieldRefs":{},"targetUpdateColumns":[],"runtimeAttrs":{},"isRESTModernSource":true,"isFileList":false,"handleSpecialChars":false,"frsAsset":false,"tgtObjectAttributes":{},"runtimeParameterData":{"@type":"mtTaskRuntimeParameterData","isConnectionRuntimeParameter":false,"isObjectRuntimeParameter":false},"overriddenFields":[]},{"@type":"mtTaskParameter","id":11081905,"name":"$Tgt_Sys_name$","type":"STRING","text":"ORACLE ADP","label":"Tgt_Sys_name","description":"","uiProperties":{},"newFlatFile":false,"newObject":false,"showBusinessNames":true,"naturalOrder":true,"truncateTarget":false,"bulkApiDBTarget":false,"customFuncCfg":{"@type":"customFuncConfig","id":-1,"connections":[],"inputMap":[],"outputFields":[]},"tgtFieldRefs":{},"targetUpdateColumns":[],"runtimeAttrs":{},"isRESTModernSource":true,"isFileList":false,"handleSpecialChars":false,"frsAsset":false,"tgtObjectAttributes":{},"runtimeParameterData":{"@type":"mtTaskRuntimeParameterData","isConnectionRuntimeParameter":false,"isObjectRuntimeParameter":false},"overriddenFields":[]},{"@type":"mtTaskParameter","id":11081906,"name":"$m_SessionName$","type":"STRING","text":"mt_RECON_PROCESS_EXTRACT_COUNTS_POST","label":"m_SessionName","description":"","uiProperties":{},"newFlatFile":false,"newObject":false,"showBusinessNames":true,"naturalOrder":true,"truncateTarget":false,"bulkApiDBTarget":false,"customFuncCfg":{"@type":"customFuncConfig","id":-1,"connections":[],"inputMap":[],"outputFields":[]},"tgtFieldRefs":{},"targetUpdateColumns":[],"runtimeAttrs":{},"isRESTModernSource":true,"isFileList":false,"handleSpecialChars":false,"frsAsset":false,"tgtObjectAttributes":{},"runtimeParameterData":{"@type":"mtTaskRuntimeParameterData","isConnectionRuntimeParameter":false,"isObjectRuntimeParameter":false},"overriddenFields":[]}],"sequences":[],"inOutParameters":[{"@type":"mtTaskInOutParameter","id":"-1","name":"M2_AMT","description":"","initialValue":"","datatype":"STRING","precision":"15","scale":"0","retentionPolicy":"ON_SUCCESS_OR_WARNING","aggregationType":"MAX","currentValue":""},{"@type":"mtTaskInOutParameter","id":"-1","name":"PMWorkflowRunId","description":"","initialValue":"","datatype":"BIGINT","precision":"19","scale":"0","retentionPolicy":"ON_SUCCESS_OR_WARNING","aggregationType":"MAX","currentValue":"325273994295349250"},{"@type":"mtTaskInOutParameter","id":"-1","name":"m_SessStartTime","description":"","initialValue":"","datatype":"DATETIME","precision":"29","scale":"9","retentionPolicy":"ON_SUCCESS_OR_WARNING","aggregationType":"MAX","currentValue":"06/17/2019 10:07:10.000000000"},{"@type":"mtTaskInOutParameter","id":"-1","name":"m_SessEndTime","description":"","initialValue":"","datatype":"DATETIME","precision":"29","scale":"9","retentionPolicy":"ON_SUCCESS_OR_WARNING","aggregationType":"MAX","currentValue":"06/17/2019 10:07:28.000000000"},{"@type":"mtTaskInOutParameter","id":"-1","name":"m_SourceRecords","description":"","initialValue":"","datatype":"DOUBLE","precision":"15","scale":"0","retentionPolicy":"ON_SUCCESS_OR_WARNING","aggregationType":"MAX","currentValue":"11356.000000000000000"},{"@type":"mtTaskInOutParameter","id":"-1","name":"m_TargetRecords","description":"","initialValue":"","datatype":"DOUBLE","precision":"15","scale":"0","retentionPolicy":"ON_SUCCESS_OR_WARNING","aggregationType":"MAX","currentValue":"11356.000000000000000"},{"@type":"mtTaskInOutParameter","id":"-1","name":"PMWORKFLOWNAME","description":"","initialValue":"","datatype":"STRING","precision":"100","scale":"0","retentionPolicy":"ON_SUCCESS_OR_WARNING","aggregationType":"MAX","currentValue":"tf_UVN_HAR_PAY_DETAILS_ADJ"},{"@type":"mtTaskInOutParameter","id":"-1","name":"PMSESSIONNAME","description":"","initialValue":"","datatype":"STRING","precision":"100","scale":"0","retentionPolicy":"ON_SUCCESS_OR_WARNING","aggregationType":"MAX","currentValue":"mt_RECON_PROCESS_EXTRACT_COUNTS_ADJ_POST"},{"@type":"mtTaskInOutParameter","id":"-1","name":"PMREPOSITORYUSERNAME","description":"","initialValue":"","datatype":"STRING","precision":"100","scale":"0","retentionPolicy":"ON_SUCCESS_OR_WARNING","aggregationType":"MAX","currentValue":"amondal@univision.net"},{"@type":"mtTaskInOutParameter","id":"-1","name":"Param_Owner2","description":"","initialValue":"XXUNV_V5DEVL","datatype":"STRING","precision":"20","scale":"0","retentionPolicy":"ON_SUCCESS_OR_WARNING","aggregationType":"MAX","currentValue":"XXUNV_V5DEVL"},{"@type":"mtTaskInOutParameter","id":"-1","name":"WF_RUN_ID","description":"","initialValue":"","datatype":"BIGINT","precision":"19","scale":"0","retentionPolicy":"ON_SUCCESS_OR_WARNING","aggregationType":"MAX","currentValue":"325273994295349250"}],"connRuntimeAttrs":[]}]