[{"@type":"mtTask","id":"@1","name":"mt_REST_ADV_TF_CALL_HAR_PAY_HCR","description":"This mapping task will invoke taskflow POC_ATMOND/HAR_PAY/tf_UVN_HAR_PAY_DETAILS_HCR","runtimeEnvironmentId":"@5cmGOvg3aOOcKvEBDZv2ow","maxLogs":10,"verbose":false,"lastRunTime":1560441390000,"mappingId":"@8PcnagHy9ULfk16EtURjkD","shortDescription":"This mapping task will invoke taskflow POC_ATMOND/...","sessionProperties":{},"enableCrossSchemaPushdown":true,"parameters":[{"@type":"mtTaskParameter","id":50044855,"name":"$src_Credentials$","type":"EXTENDED_SOURCE","label":"src_Credentials","uiProperties":{"connectionParameterized":"false","isMsrcFilterParameterized":"false","isMsrcSortParameterized":"false","objectParameterized":"false","visible":"false"},"sourceConnectionId":"@9NQvsX22PvNcMN36jRhZIr","newFlatFile":false,"newObject":false,"showBusinessNames":false,"naturalOrder":true,"truncateTarget":false,"bulkApiDBTarget":false,"srcFFAttrs":{"@type":"flatFileAttrs","id":9178408,"delimiter":",","textQualifier":"\"","escapeChar":"","headerLineNo":1,"firstDataRow":2},"customFuncCfg":{"@type":"customFuncConfig","id":-1,"connections":[],"inputMap":[],"outputFields":[]},"tgtFieldRefs":{},"targetUpdateColumns":[],"extendedObject":{"@type":"extendedObject","object":{"@type":"mObject","name":"rest_creds.csv","label":"rest_creds.csv","metadataUpdated":false,"relations":[],"children":[]},"filters":[],"sortFields":[]},"runtimeAttrs":{},"isRESTModernSource":true,"isFileList":false,"handleSpecialChars":false,"frsAsset":false,"tgtObjectAttributes":{},"runtimeParameterData":{"@type":"mtTaskRuntimeParameterData","isConnectionRuntimeParameter":false,"isObjectRuntimeParameter":false},"overriddenFields":[]},{"@type":"mtTaskParameter","id":50044864,"name":"$Target$","type":"TARGET","label":"Target","uiProperties":{"connectionParameterized":"false","objectParameterized":"false","visible":"false","defaultTargetUpdateColumns":""},"targetConnectionId":"@9NQvsX22PvNcMN36jRhZIr","targetObject":"ExecuteOutput.csv","targetObjectLabel":"ExecuteOutput.csv","newFlatFile":false,"newObject":true,"showBusinessNames":false,"naturalOrder":true,"newObjectName":"ExecuteOutput.csv","truncateTarget":false,"bulkApiDBTarget":false,"operationType":"Insert","tgtFFAttrs":{"@type":"flatFileAttrs","id":9178414,"delimiter":",","textQualifier":"\"","escapeChar":"","headerLineNo":1},"customFuncCfg":{"@type":"customFuncConfig","id":-1,"connections":[],"inputMap":[],"outputFields":[]},"tgtFieldRefs":{},"targetUpdateColumns":[],"extendedObject":{"@type":"extendedObject","filters":[],"sortFields":[]},"runtimeAttrs":{},"isRESTModernSource":true,"isFileList":false,"handleSpecialChars":false,"frsAsset":false,"tgtObjectAttributes":{},"runtimeParameterData":{"@type":"mtTaskRuntimeParameterData","isConnectionRuntimeParameter":false,"isObjectRuntimeParameter":false},"overriddenFields":[]},{"@type":"mtTaskParameter","id":50044870,"name":"$ws_ExecuteAdvTaskflow$","type":"BUSINESS_SERVICE","label":"ws_ExecuteAdvTaskflow","uiProperties":{"visible":"false"},"newFlatFile":false,"newObject":false,"showBusinessNames":true,"naturalOrder":true,"truncateTarget":false,"bulkApiDBTarget":false,"customFuncCfg":{"@type":"customFuncConfig","id":-1,"connections":[],"inputMap":[],"outputFields":[]},"tgtFieldRefs":{},"targetUpdateColumns":[],"runtimeAttrs":{},"isRESTModernSource":true,"isFileList":false,"handleSpecialChars":false,"frsAsset":false,"businessServiceData":{"@type":"businessServiceData","businessServiceId":"@30YST6Q0w5WbGTrnWiv9gg","operationId":"@30YST6Q0w5WbGTrnWiv9gg@ExecuteAdvTaskflow"},"tgtObjectAttributes":{},"runtimeParameterData":{"@type":"mtTaskRuntimeParameterData","isConnectionRuntimeParameter":false,"isObjectRuntimeParameter":false},"overriddenFields":[]},{"@type":"mtTaskParameter","id":50044876,"name":"$ws_LoginV3$","type":"BUSINESS_SERVICE","label":"ws_LoginV3","uiProperties":{"visible":"false"},"newFlatFile":false,"newObject":false,"showBusinessNames":true,"naturalOrder":true,"truncateTarget":false,"bulkApiDBTarget":false,"customFuncCfg":{"@type":"customFuncConfig","id":-1,"connections":[],"inputMap":[],"outputFields":[]},"tgtFieldRefs":{},"targetUpdateColumns":[],"runtimeAttrs":{},"isRESTModernSource":true,"isFileList":false,"handleSpecialChars":false,"frsAsset":false,"businessServiceData":{"@type":"businessServiceData","businessServiceId":"@bWknm8ond2mb30JYacjy2F","operationId":"@bWknm8ond2mb30JYacjy2F@LoginV3"},"tgtObjectAttributes":{},"runtimeParameterData":{"@type":"mtTaskRuntimeParameterData","isConnectionRuntimeParameter":false,"isObjectRuntimeParameter":false},"overriddenFields":[]},{"@type":"mtTaskParameter","id":50044882,"name":"$ws_Lookup$","type":"BUSINESS_SERVICE","label":"ws_Lookup","uiProperties":{"visible":"false"},"newFlatFile":false,"newObject":false,"showBusinessNames":true,"naturalOrder":true,"truncateTarget":false,"bulkApiDBTarget":false,"customFuncCfg":{"@type":"customFuncConfig","id":-1,"connections":[],"inputMap":[],"outputFields":[]},"tgtFieldRefs":{},"targetUpdateColumns":[],"runtimeAttrs":{},"isRESTModernSource":true,"isFileList":false,"handleSpecialChars":false,"frsAsset":false,"businessServiceData":{"@type":"businessServiceData","businessServiceId":"@7BV4aL3qaozgDtcYesDQYb","operationId":"@7BV4aL3qaozgDtcYesDQYb@LookupV3"},"tgtObjectAttributes":{},"runtimeParameterData":{"@type":"mtTaskRuntimeParameterData","isConnectionRuntimeParameter":false,"isObjectRuntimeParameter":false},"overriddenFields":[]}],"sequences":[],"inOutParameters":[{"@type":"mtTaskInOutParameter","id":"-1","name":"TF_PATH","description":"","initialValue":"","datatype":"STRING","precision":"500","scale":"0","retentionPolicy":"ON_SUCCESS_OR_WARNING","aggregationType":"MAX","currentValue":"POC_ATMOND/HAR_PAY/tf_UVN_HAR_PAY_DETAIL_HCR"},{"@type":"mtTaskInOutParameter","id":"-1","name":"TF_TYPE","description":"","initialValue":"","datatype":"STRING","precision":"50","scale":"0","retentionPolicy":"ON_SUCCESS_OR_WARNING","aggregationType":"MAX","currentValue":"TASKFLOW"}],"connRuntimeAttrs":[]}]