[{"@type":"fileRecord","id":"@3","name":"fault","type":"XSD","size":6260,"attachTime":1580148985000},{"@type":"fileRecord","id":"@4","name":"metadata","type":"JSON","size":2638,"attachTime":1580148985000},{"@type":"fileRecord","id":"@2","name":"extension","type":"XML","size":22874,"attachTime":1580148985000},{"@type":"fileRecord","id":"@5","name":"request","type":"XSD","size":6513,"attachTime":1580148985000},{"@type":"fileRecord","id":"@6","name":"response","type":"XSD","size":7294,"attachTime":1580148985000}]