[{"@type":"connection","id":"@1","name":"ORA_EBS_ADP_XXUNV","description":"HRS Oracle EBS Connectivity","runtimeEnvironmentId":"@5cmGOvg3aOOcKvEBDZv2ow","instanceDisplayName":"Oracle","host":"nj4-ebs-dorc1.utg.uvn.net","database":"V5DEVL","codepage":"UTF-8","adjustedJdbcHostName":"nj4-ebs-dorc1.utg.uvn.net","schema":"XXUNV_V5DEVL","shortDescription":"HRS Oracle EBS Connectivity","type":"Oracle","port":1551,"password":"********","username":"hriuser","majorUpdateTime":"2020-03-03T03:12:16.000Z","timeout":60,"connParams":{"agentId":"0109VC08000000000004","CryptoProtocolVersion":"TLSv1","agentGroupId":"0109VC25000000000004","encryptionMethod":"NoEncryption","orgId":"0109VC","ValidateServerCertificate":"False"}}]