[{"@type":"mappingTemplate","id":"@1","name":"m_REST_ADV_TF_CALL","description":"","bundleVersion":"0","templateId":"@3","deployTime":1584497365000,"hasParameters":false,"valid":true,"fixedConnection":true,"hasParametersDeployed":false,"fixedConnectionDeployed":true,"tasks":69,"mappingPreviewFileRecordId":"@2","documentType":"","references":[{"@type":"reference","refObjectId":"@bWknm8ond2mb30JYacjy2F","refType":"businessService"},{"@type":"reference","refObjectId":"@7BV4aL3qaozgDtcYesDQYb","refType":"businessService"},{"@type":"reference","refObjectId":"@9NQvsX22PvNcMN36jRhZIr","refType":"connection"},{"@type":"reference","refObjectId":"@30YST6Q0w5WbGTrnWiv9gg","refType":"businessService"}]}]