[{"@type":"mtTask","id":"@1","name":"mt_UVN_HAR_PAY_DETAILS_ADJUSTMENT_FILES","description":"This task will use the formatted Adjustment files as source obtained from first task and load the data in necessary tables as per logic. It also identify if the incoming records are already loaded or not and based on that it will create Reject file in .txt format and finally send the email notification to user with reject file details in tabular format","runtimeEnvironmentId":"@5cmGOvg3aOOcKvEBDZv2ow","postProcessingCmd":"/app/projects/CHR/HRS/Scripts/HAR_REJECTION_RECON_ADJ.sh;","maxLogs":10,"verbose":false,"lastRunTime":1560780430000,"mappingId":"@70KjIRSfQQkh2JFcK5nGOn","shortDescription":"This task will use the formatted Adjustment files ...","sessionProperties":{},"enableCrossSchemaPushdown":true,"parameterFileName":"CHR/HRS/HRS_HAR_PAYDETAILS_Param.txt","parameters":[{"@type":"mtTaskParameter","id":11077735,"name":"$src_FF_UVN_PAY_DTL$","type":"EXTENDED_SOURCE","label":"src_FF_UVN_PAY_DTL","uiProperties":{"connectionParameterized":"false","isMsrcFilterParameterized":"false","isMsrcSortParameterized":"false","objectParameterized":"false","visible":"false"},"sourceConnectionId":"@0PIUNF3VavJg1dO7gJUxqU","newFlatFile":false,"newObject":false,"showBusinessNames":false,"naturalOrder":true,"truncateTarget":false,"bulkApiDBTarget":false,"srcFFAttrs":{"@type":"flatFileAttrs","id":2089396,"delimiter":",","textQualifier":"none","escapeChar":"\"","headerLineNo":1,"firstDataRow":2},"customFuncCfg":{"@type":"customFuncConfig","id":-1,"connections":[],"inputMap":[],"outputFields":[]},"tgtFieldRefs":{},"targetUpdateColumns":[],"extendedObject":{"@type":"extendedObject","object":{"@type":"mObject","name":"HCR_Indirect_File_Name_ADJ.txt","label":"HCR_Indirect_File_Name_ADJ.txt","metadataUpdated":false,"relations":[],"children":[]},"filters":[],"sortFields":[]},"runtimeAttrs":{},"isRESTModernSource":true,"isFileList":false,"handleSpecialChars":false,"frsAsset":false,"tgtObjectAttributes":{},"runtimeParameterData":{"@type":"mtTaskRuntimeParameterData","isConnectionRuntimeParameter":false,"isObjectRuntimeParameter":false},"overriddenFields":[]},{"@type":"mtTaskParameter","id":11077736,"name":"$ff_FILE_RCRD_CNT$","type":"TARGET","label":"ff_FILE_RCRD_CNT","uiProperties":{"connectionParameterized":"false","objectParameterized":"false","visible":"false","defaultTargetUpdateColumns":""},"targetConnectionId":"@6VLGAmwbNRjeKEA6zebu43","targetObject":"Rejected_File_Count_ADJ.txt","targetObjectLabel":"Rejected_File_Count_ADJ.txt","newFlatFile":false,"newObject":false,"showBusinessNames":false,"naturalOrder":true,"truncateTarget":false,"bulkApiDBTarget":false,"operationType":"Insert","tgtFFAttrs":{"@type":"flatFileAttrs","id":2089397,"delimiter":",","textQualifier":"none","escapeChar":"\"","headerLineNo":1},"customFuncCfg":{"@type":"customFuncConfig","id":-1,"connections":[],"inputMap":[],"outputFields":[]},"tgtFieldRefs":{},"targetUpdateColumns":[],"extendedObject":{"@type":"extendedObject","filters":[],"sortFields":[]},"runtimeAttrs":{},"isRESTModernSource":true,"isFileList":false,"handleSpecialChars":false,"frsAsset":false,"tgtObjectAttributes":{},"runtimeParameterData":{"@type":"mtTaskRuntimeParameterData","isConnectionRuntimeParameter":false,"isObjectRuntimeParameter":false},"overriddenFields":[]},{"@type":"mtTaskParameter","id":11077737,"name":"$tgt_FF_DATE$","type":"TARGET","label":"tgt_FF_DATE","uiProperties":{"connectionParameterized":"false","objectParameterized":"false","visible":"false","defaultTargetUpdateColumns":""},"targetConnectionId":"@6VLGAmwbNRjeKEA6zebu43","targetObject":"trgt_ff_date1_ADJ.txt","targetObjectLabel":"trgt_ff_date1_ADJ.txt","newFlatFile":false,"newObject":false,"showBusinessNames":false,"naturalOrder":true,"truncateTarget":false,"bulkApiDBTarget":false,"operationType":"Insert","tgtFFAttrs":{"@type":"flatFileAttrs","id":2089398,"delimiter":",","textQualifier":"\"","escapeChar":"\"","headerLineNo":1},"customFuncCfg":{"@type":"customFuncConfig","id":-1,"connections":[],"inputMap":[],"outputFields":[]},"tgtFieldRefs":{},"targetUpdateColumns":[],"extendedObject":{"@type":"extendedObject","filters":[],"sortFields":[]},"runtimeAttrs":{},"isRESTModernSource":true,"isFileList":false,"handleSpecialChars":false,"frsAsset":false,"tgtObjectAttributes":{},"runtimeParameterData":{"@type":"mtTaskRuntimeParameterData","isConnectionRuntimeParameter":false,"isObjectRuntimeParameter":false},"overriddenFields":[]},{"@type":"mtTaskParameter","id":11077738,"name":"$trgt_UVN_COST_PAY_XLAT$","type":"TARGET","label":"trgt_UVN_COST_PAY_XLAT","uiProperties":{"connectionParameterized":"false","objectParameterized":"false","visible":"false","defaultTargetUpdateColumns":"PAY_ELEMENT"},"targetConnectionId":"@fOH443enHeUb81SQAeUiGE","targetObject":"UVN_COST_PAY_XLAT","targetObjectLabel":"UVN_COST_PAY_XLAT","newFlatFile":false,"newObject":false,"showBusinessNames":false,"naturalOrder":true,"truncateTarget":false,"bulkApiDBTarget":false,"operationType":"Rowbased","customFuncCfg":{"@type":"customFuncConfig","id":-1,"connections":[],"inputMap":[],"outputFields":[]},"tgtFieldRefs":{},"targetUpdateColumns":["PAY_ELEMENT"],"extendedObject":{"@type":"extendedObject","filters":[],"sortFields":[]},"runtimeAttrs":{},"isRESTModernSource":true,"isFileList":false,"handleSpecialChars":false,"frsAsset":false,"tgtObjectAttributes":{},"runtimeParameterData":{"@type":"mtTaskRuntimeParameterData","isConnectionRuntimeParameter":false,"isObjectRuntimeParameter":false},"overriddenFields":[]},{"@type":"mtTaskParameter","id":11077739,"name":"$trgt_UVN_HAR_PAY_DTL$","type":"TARGET","label":"trgt_UVN_HAR_PAY_DTL","uiProperties":{"connectionParameterized":"false","objectParameterized":"false","visible":"false","defaultTargetUpdateColumns":"FILE_ID"},"targetConnectionId":"@fOH443enHeUb81SQAeUiGE","targetObject":"UVN_HAR_PAY_DTL","targetObjectLabel":"UVN_HAR_PAY_DTL","newFlatFile":false,"newObject":false,"showBusinessNames":false,"naturalOrder":true,"truncateTarget":false,"bulkApiDBTarget":false,"operationType":"Rowbased","customFuncCfg":{"@type":"customFuncConfig","id":-1,"connections":[],"inputMap":[],"outputFields":[]},"tgtFieldRefs":{},"targetUpdateColumns":["FILE_ID"],"extendedObject":{"@type":"extendedObject","filters":[],"sortFields":[]},"runtimeAttrs":{},"isRESTModernSource":true,"isFileList":false,"handleSpecialChars":false,"frsAsset":false,"tgtObjectAttributes":{},"runtimeParameterData":{"@type":"mtTaskRuntimeParameterData","isConnectionRuntimeParameter":false,"isObjectRuntimeParameter":false},"overriddenFields":[]},{"@type":"mtTaskParameter","id":11077740,"name":"$trgt_UVN_HAR_PAY_DTL_ARCH$","type":"TARGET","label":"trgt_UVN_HAR_PAY_DTL_ARCH","uiProperties":{"connectionParameterized":"false","objectParameterized":"false","visible":"false","defaultTargetUpdateColumns":"FILE_ID"},"targetConnectionId":"@fOH443enHeUb81SQAeUiGE","targetObject":"UVN_HAR_PAY_DTL_ARCH","targetObjectLabel":"UVN_HAR_PAY_DTL_ARCH","newFlatFile":false,"newObject":false,"showBusinessNames":false,"naturalOrder":true,"truncateTarget":false,"bulkApiDBTarget":false,"operationType":"Rowbased","customFuncCfg":{"@type":"customFuncConfig","id":-1,"connections":[],"inputMap":[],"outputFields":[]},"tgtFieldRefs":{},"targetUpdateColumns":["FILE_ID"],"extendedObject":{"@type":"extendedObject","filters":[],"sortFields":[]},"runtimeAttrs":{},"isRESTModernSource":true,"isFileList":false,"handleSpecialChars":false,"frsAsset":false,"tgtObjectAttributes":{},"runtimeParameterData":{"@type":"mtTaskRuntimeParameterData","isConnectionRuntimeParameter":false,"isObjectRuntimeParameter":false},"overriddenFields":[]},{"@type":"mtTaskParameter","id":11077741,"name":"$lkp_FILE_ID$","type":"LOOKUP","label":"lkp_FILE_ID","uiProperties":{"connectionParameterized":"false","isCachedLookup":"true","objectParameterized":"false","visible":"false"},"lookupConnectionId":"@fOH443enHeUb81SQAeUiGE","lookupObject":"UVN_HAR_PAY_DTL","lookupObjectLabel":"UVN_HAR_PAY_DTL","newFlatFile":false,"newObject":false,"showBusinessNames":false,"naturalOrder":true,"truncateTarget":false,"bulkApiDBTarget":false,"customFuncCfg":{"@type":"customFuncConfig","id":-1,"connections":[],"inputMap":[],"outputFields":[]},"tgtFieldRefs":{},"targetUpdateColumns":[],"runtimeAttrs":{},"isRESTModernSource":true,"isFileList":false,"handleSpecialChars":false,"frsAsset":false,"tgtObjectAttributes":{},"runtimeParameterData":{"@type":"mtTaskRuntimeParameterData","isConnectionRuntimeParameter":false,"isObjectRuntimeParameter":false},"overriddenFields":[]},{"@type":"mtTaskParameter","id":11077742,"name":"$lkp_PAY_ELMT$","type":"LOOKUP","label":"lkp_PAY_ELMT","uiProperties":{"connectionParameterized":"false","isCachedLookup":"true","objectParameterized":"false","visible":"false"},"lookupConnectionId":"@fOH443enHeUb81SQAeUiGE","lookupObject":"UVN_COST_PAY_XLAT","lookupObjectLabel":"UVN_COST_PAY_XLAT","newFlatFile":false,"newObject":false,"showBusinessNames":false,"naturalOrder":true,"truncateTarget":false,"bulkApiDBTarget":false,"customFuncCfg":{"@type":"customFuncConfig","id":-1,"connections":[],"inputMap":[],"outputFields":[]},"tgtFieldRefs":{},"targetUpdateColumns":[],"runtimeAttrs":{},"isRESTModernSource":true,"isFileList":false,"handleSpecialChars":false,"frsAsset":false,"tgtObjectAttributes":{},"runtimeParameterData":{"@type":"mtTaskRuntimeParameterData","isConnectionRuntimeParameter":false,"isObjectRuntimeParameter":false},"overriddenFields":[]},{"@type":"mtTaskParameter","id":11077743,"name":"$lkp_POSITION_ID$","type":"LOOKUP","label":"lkp_POSITION_ID","uiProperties":{"connectionParameterized":"false","isCachedLookup":"true","objectParameterized":"false","visible":"false"},"lookupConnectionId":"@fOH443enHeUb81SQAeUiGE","lookupObject":"UVN_POSITION_TBL","lookupObjectLabel":"UVN_POSITION_TBL","newFlatFile":false,"newObject":false,"showBusinessNames":false,"naturalOrder":true,"truncateTarget":false,"bulkApiDBTarget":false,"customFuncCfg":{"@type":"customFuncConfig","id":-1,"connections":[],"inputMap":[],"outputFields":[]},"tgtFieldRefs":{},"targetUpdateColumns":[],"runtimeAttrs":{},"isRESTModernSource":true,"isFileList":false,"handleSpecialChars":false,"frsAsset":false,"tgtObjectAttributes":{},"runtimeParameterData":{"@type":"mtTaskRuntimeParameterData","isConnectionRuntimeParameter":false,"isObjectRuntimeParameter":false},"overriddenFields":[]},{"@type":"mtTaskParameter","id":11077744,"name":"$COST$","type":"STRING","text":"NEW","label":"COST","description":"","uiProperties":{"default":"NEW"},"newFlatFile":false,"newObject":false,"showBusinessNames":true,"naturalOrder":true,"truncateTarget":false,"bulkApiDBTarget":false,"customFuncCfg":{"@type":"customFuncConfig","id":-1,"connections":[],"inputMap":[],"outputFields":[]},"tgtFieldRefs":{},"targetUpdateColumns":[],"runtimeAttrs":{},"isRESTModernSource":true,"isFileList":false,"handleSpecialChars":false,"frsAsset":false,"tgtObjectAttributes":{},"runtimeParameterData":{"@type":"mtTaskRuntimeParameterData","isConnectionRuntimeParameter":false,"isObjectRuntimeParameter":false},"overriddenFields":[]}],"sequences":[],"inOutParameters":[{"@type":"mtTaskInOutParameter","id":"-1","name":"M_AMT","description":"","initialValue":"","datatype":"DECIMAL","precision":"25","scale":"15","retentionPolicy":"ON_SUCCESS_OR_WARNING","aggregationType":"MAX","currentValue":"422427.240000000000000"},{"@type":"mtTaskInOutParameter","id":"-1","name":"M_AMT_RT","description":"","initialValue":"0","datatype":"STRING","precision":"10","scale":"0","retentionPolicy":"ON_SUCCESS_OR_WARNING","aggregationType":"MAX","currentValue":"0"},{"@type":"mtTaskInOutParameter","id":"-1","name":"Param_Owner2","description":"","initialValue":"XXUNV_V5DEVL","datatype":"STRING","precision":"20","scale":"0","retentionPolicy":"ON_SUCCESS_OR_WARNING","aggregationType":"MAX","currentValue":"XXUNV_V5DEVL"}],"connRuntimeAttrs":[]}]