[{"@type":"mtTask","id":"@1","name":"mt_RECON_PROCESS_OUTPUT_DETL_ADJ","description":"This task will extract recon data from EDI_ABC_DETL_LOG table in EIS server based on WorkflowRunID which is nothing but Batch Id and generates Recon_Har_Paydetails_Detl.csv file as output","runtimeEnvironmentId":"@5cmGOvg3aOOcKvEBDZv2ow","postProcessingCmd":"ksh /app/projects/CHR/HRS/Scripts/Notification_MailSend.ksh 'The HAR PAY DETAILS Workflow has been completed for Adjustment Files. \\n \\nHAR PAY Recon Report for Adjustment Files has been generated in Target location successfully.\\n \\nThanks,\\nIntegration Support Team' 'The HAR PAY DETAILS Workflow has been completed for Adjustment Files.';","maxLogs":10,"verbose":false,"lastRunTime":1560780471000,"mappingId":"@58dr94GAC4hj0nnRRdPUkK","shortDescription":"This task will extract recon data from EDI_ABC_DET...","sessionProperties":{},"enableCrossSchemaPushdown":true,"parameters":[{"@type":"mtTaskParameter","id":11079624,"name":"$sq_EDI_ABC_DETL_LOG$","type":"EXTENDED_SOURCE","label":"sq_EDI_ABC_DETL_LOG","uiProperties":{"connectionParameterized":"false","isMsrcFilterParameterized":"false","isMsrcSortParameterized":"false","objectParameterized":"false","visible":"false"},"sourceConnectionId":"@3qqUzsZRJw1j1QqGl9mucS","newFlatFile":false,"newObject":false,"showBusinessNames":false,"naturalOrder":true,"truncateTarget":false,"bulkApiDBTarget":false,"customFuncCfg":{"@type":"customFuncConfig","id":-1,"connections":[],"inputMap":[],"outputFields":[]},"tgtFieldRefs":{},"targetUpdateColumns":[],"extendedObject":{"@type":"extendedObject","object":{"@type":"mObject","name":"EDI_ABC_DETL_LOG","label":"EDI_ABC_DETL_LOG","metadataUpdated":false,"relations":[],"children":[]},"filters":[{"@type":"filter","objectName":"EDI_ABC_DETL_LOG","field":"BTCH_ID","type":"INT","operator":"equals","value":"$$PMWorkflowRunId"}],"sortFields":[]},"runtimeAttrs":{},"isRESTModernSource":true,"isFileList":false,"handleSpecialChars":false,"frsAsset":false,"tgtObjectAttributes":{},"runtimeParameterData":{"@type":"mtTaskRuntimeParameterData","isConnectionRuntimeParameter":false,"isObjectRuntimeParameter":false},"overriddenFields":[]},{"@type":"mtTaskParameter","id":11079625,"name":"$tgt_TGT_EDI_DETL_LOG$","type":"TARGET","label":"tgt_TGT_EDI_DETL_LOG","uiProperties":{"connectionParameterized":"false","objectParameterized":"false","visible":"false","defaultTargetUpdateColumns":""},"targetConnectionId":"@6VLGAmwbNRjeKEA6zebu43","targetObject":"Recon_Har_Paydetails_Detl_ADJ.csv","targetObjectLabel":"Recon_Har_Paydetails_Detl_ADJ.csv","newFlatFile":false,"newObject":false,"showBusinessNames":false,"naturalOrder":true,"truncateTarget":false,"bulkApiDBTarget":false,"operationType":"Insert","tgtFFAttrs":{"@type":"flatFileAttrs","id":2089722,"delimiter":",","textQualifier":"none","escapeChar":"\"","headerLineNo":1},"customFuncCfg":{"@type":"customFuncConfig","id":-1,"connections":[],"inputMap":[],"outputFields":[]},"tgtFieldRefs":{},"targetUpdateColumns":[],"extendedObject":{"@type":"extendedObject","filters":[],"sortFields":[]},"runtimeAttrs":{},"isRESTModernSource":true,"isFileList":false,"handleSpecialChars":false,"frsAsset":false,"tgtObjectAttributes":{},"runtimeParameterData":{"@type":"mtTaskRuntimeParameterData","isConnectionRuntimeParameter":false,"isObjectRuntimeParameter":false},"overriddenFields":[]}],"sequences":[],"inOutParameters":[{"@type":"mtTaskInOutParameter","id":"-1","name":"PMWorkflowRunId","description":"","initialValue":"317948080200986624","datatype":"BIGINT","precision":"19","scale":"0","retentionPolicy":"ON_SUCCESS_OR_WARNING","aggregationType":"MAX","currentValue":"325273994295349250"}],"connRuntimeAttrs":[]}]