[{"@type":"mappingTemplate","id":"@1","name":"m_IICS_EAI_GET_MAX_PID","description":"","bundleVersion":"0","templateId":"@3","deployTime":1588787379000,"hasParameters":false,"valid":true,"fixedConnection":true,"hasParametersDeployed":false,"fixedConnectionDeployed":true,"tasks":1,"mappingPreviewFileRecordId":"@2","documentType":"","references":[{"@type":"reference","refObjectId":"@aG6V4Ffw7EqhaXTduTDPCN","refType":"connection"},{"@type":"reference","refObjectId":"@2nqL6cBob8PhrzE54sfqeF","refType":"connection"}]}]