[{"@type":"mtTask","id":"@1","name":"mt_IICS_SA01_EAI_AEPROCESSLOGDATA","description":"","runtimeEnvironmentId":"@5cmGOvg3aOOcKvEBDZv2ow","maxLogs":10,"verbose":false,"lastRunTime":1588849290000,"mappingId":"@1asEZE7Khn6g2QgmhzFs8H","shortDescription":"","sessionProperties":{"Stop on errors":"1"},"enableCrossSchemaPushdown":true,"parameters":[{"@type":"mtTaskParameter","id":61388641,"name":"$Source$","type":"EXTENDED_SOURCE","label":"conn_NTVE_PGRE_CONN","description":"","uiProperties":{"connectionParameterized":"true","logcnx":"conn_NTVE_PGRE_CONN","isMsrcFilterParameterized":"false","isMsrcSortParameterized":"false","objectParameterized":"false","visible":"false"},"sourceConnectionId":"@6cNFIvao1f5luUdBDZaLiz","newFlatFile":false,"newObject":false,"showBusinessNames":true,"naturalOrder":true,"truncateTarget":false,"bulkApiDBTarget":false,"customFuncCfg":{"@type":"customFuncConfig","id":-1,"connections":[],"inputMap":[],"outputFields":[]},"tgtFieldRefs":{},"targetUpdateColumns":[],"extendedObject":{"@type":"extendedObject","object":{"@type":"mObject","name":"activevos/public/TABLE/aeprocesslogdata","label":"aeprocesslogdata","metadataUpdated":false,"relations":[],"children":[]},"advancedFilterExpression":"aeprocesslogdata.processid  >=  $$PID_01","filters":[],"sortFields":[]},"runtimeAttrs":{},"isRESTModernSource":true,"isFileList":false,"handleSpecialChars":false,"frsAsset":false,"tgtObjectAttributes":{},"runtimeParameterData":{"@type":"mtTaskRuntimeParameterData","isConnectionRuntimeParameter":false,"isObjectRuntimeParameter":false,"connectionParameterName":"conn_NTVE_PGRE_CONN"},"overriddenFields":[]},{"@type":"mtTaskParameter","id":61388644,"name":"$Target$","type":"TARGET","label":"Target","uiProperties":{"connectionParameterized":"false","objectParameterized":"false","visible":"false","defaultTargetUpdateColumns":"processid,sequenceid,srcdbinstance"},"targetConnectionId":"@21VmuZjy92kfyt98rUeakg","targetObject":"EAI_AEPROCESSLOGDATA","targetObjectLabel":"EAI_AEPROCESSLOGDATA","newFlatFile":false,"newObject":false,"showBusinessNames":false,"naturalOrder":true,"truncateTarget":false,"bulkApiDBTarget":false,"operationType":"Upsert","customFuncCfg":{"@type":"customFuncConfig","id":-1,"connections":[],"inputMap":[],"outputFields":[]},"tgtFieldRefs":{},"targetUpdateColumns":["processid","sequenceid","srcdbinstance"],"extendedObject":{"@type":"extendedObject","filters":[],"sortFields":[]},"runtimeAttrs":{},"isRESTModernSource":true,"isFileList":false,"handleSpecialChars":false,"frsAsset":false,"tgtObjectAttributes":{},"runtimeParameterData":{"@type":"mtTaskRuntimeParameterData","isConnectionRuntimeParameter":false,"isObjectRuntimeParameter":false},"overriddenFields":[]},{"@type":"mtTaskParameter","id":61388647,"name":"$srcdbinstance$","type":"STRING","text":"'PSA01'","label":"srcdbinstance","description":"","uiProperties":{},"newFlatFile":false,"newObject":false,"showBusinessNames":true,"naturalOrder":true,"truncateTarget":false,"bulkApiDBTarget":false,"customFuncCfg":{"@type":"customFuncConfig","id":-1,"connections":[],"inputMap":[],"outputFields":[]},"tgtFieldRefs":{},"targetUpdateColumns":[],"runtimeAttrs":{},"isRESTModernSource":true,"isFileList":false,"handleSpecialChars":false,"frsAsset":false,"tgtObjectAttributes":{},"runtimeParameterData":{"@type":"mtTaskRuntimeParameterData","isConnectionRuntimeParameter":false,"isObjectRuntimeParameter":false},"overriddenFields":[]}],"sequences":[],"inOutParameters":[{"@type":"mtTaskInOutParameter","id":"-1","name":"PID_01","description":"","initialValue":"0","datatype":"BIGINT","precision":"19","scale":"0","retentionPolicy":"ON_SUCCESS_OR_WARNING","aggregationType":"MAX","currentValue":"9731169"},{"@type":"mtTaskInOutParameter","id":"-1","name":"BATCH_ID","description":"","initialValue":"","datatype":"DECIMAL","precision":"22","scale":"0","retentionPolicy":"ON_SUCCESS_OR_WARNING","aggregationType":"MAX","currentValue":"443004070352228352"}],"connRuntimeAttrs":[]}]