[{"@type":"connection","id":"@1","name":"MSS_IICS_EIS","runtimeEnvironmentId":"@5cmGOvg3aOOcKvEBDZv2ow","instanceDisplayName":"SqlServer","host":"FL1-GEN-QSQL03\\QMSS501","database":"EIS","codepage":"MS1252","authenticationType":"SqlServer","adjustedJdbcHostName":"FL1-GEN-QSQL03\\QMSS501","schema":"dbo","type":"SqlServer2016","port":1501,"password":"********","username":"rt_eis_01","majorUpdateTime":"2020-02-09T22:56:17.000Z","timeout":60,"connParams":{"agentId":"0109VC08000000000004","CryptoProtocolVersion":"TLSv1","agentGroupId":"0109VC25000000000004","AUTHENTICATION_TYPE":"SqlServer","encryptionMethod":"None","orgId":"0109VC","ValidateServerCertificate":"False"}}]