[{"@type":"connection","id":"@1","name":"FF_CHR_HRS_SrcFiles","description":"FF_CHR_HRS_SrcFiles","runtimeEnvironmentId":"@5cmGOvg3aOOcKvEBDZv2ow","instanceDisplayName":"CSVFile","dateFormat":"MM/dd/yyyy HH:mm:ss","database":"/app/projects/CHR/HRS/SrcFiles","codepage":"MS1252","shortDescription":"FF_CHR_HRS_SrcFiles","type":"CSVFile","port":0,"majorUpdateTime":"2019-03-25T07:58:45.000Z","timeout":60,"connParams":{"agentId":"0109VC08000000000004","agentGroupId":"0109VC25000000000004","orgId":"0109VC"}}]