[{"@type":"dssTask","id":"@1","name":"mt_cmd_HC_Payroll_FileFormatting","description":"This synchronization task is being created for sending email notification to user for the start of HAR PAY integration and also it format the incoming Payroll files as per the requirement","preProcessingCmd":"ksh /app/projects/CHR/HRS/Scripts/Notification_MailSend.ksh 'The HAR PAY DETAILS Workflow has been started for Payroll Files. \\n \\nUpon Completion of the process, Automated Email Notification will be generated.\\n \\nThanks,\\nIntegration Support Team' 'The HAR PAY DETAILS Workflow has been started for Payroll Files.';","postProcessingCmd":"sh -x /app/projects/CHR/HRS/Scripts/HSR_INDRCT_FL_CRTN_HCR.sh > /app/projects/CHR/HRS/log/Fileformatting_HCR.log 2>&1","maxLogs":10,"sourceConnectionId":"@81PieWLKbsfkeYr4ri1W4g","targetConnectionId":"@81PieWLKbsfkeYr4ri1W4g","targetObject":"Test_HRS_Int6_T.txt","targetObjectLabel":"Test_HRS_Int6_T.txt","operation":"Insert","maxRows":0,"truncateTarget":false,"bulkApiDBTarget":false,"verbose":false,"srcFlatFileAttrs":{"@type":"flatFileAttrs","id":1700131,"delimiter":",","textQualifier":"\"","escapeChar":"","headerLineNo":1,"firstDataRow":2},"tgtFlatFileAttrs":{"@type":"flatFileAttrs","id":1700132,"delimiter":",","textQualifier":"\"","escapeChar":"","headerLineNo":1,"firstDataRow":2},"targetMetadataUpdated":false,"modelVersion":"V3-R600","queryAll":false,"srcSettings":{"@type":"taskDataSourceSetting","isShowLabels":false,"isNaturalOrder":true},"tgtSettings":{"@type":"taskDataSourceSetting","isShowLabels":false,"isNaturalOrder":true},"cfSettings":{"@type":"taskDataSourceSetting","isShowLabels":false,"isNaturalOrder":false},"bulkApi":false,"bulkApiSerialMode":false,"bulkApiMonitor":false,"isTargetObjectSfCustom":false,"allowNullUpdates":false,"targetBatchSize":200,"assignmentRuleId":"-1","assignmentRuleType":"None","createSuccessFile":false,"bulkApiHardDelete":false,"srcRuntimeAttrs":{"@type":"taskRuntimeAttrs","attrs":{}},"tgtRuntimeAttrs":{"@type":"taskRuntimeAttrs","attrs":{}},"parameterFileEncoding":"UTF-8","sourceObjects":[{"@type":"mObject","name":"Test_HRS_Int6.txt","label":"Test_HRS_Int6.txt","metadataUpdated":false,"relations":[],"children":[]}],"advancedFilters":[],"filters":[],"fieldMaps":[{"@type":"fieldMap","id":"3571035","targetField":{"@type":"field","id":9974498,"name":"XYZ","type":"nstring","uniqueName":"XYZ","label":"XYZ","parentObject":"Test_HRS_Int6_T.txt","pcType":"UNISTRING","precision":255,"scale":0,"columnIndex":0,"isKey":false,"isExternalId":false,"isSfIdLookup":false,"isNullable":true,"isUnique":false,"isCreateable":false,"isUpdateable":true,"isFilterable":true,"isCalculated":false,"showLabel":false,"naturalOrder":0,"linkedFields":["Test_col1"],"relatedInfos":[],"references":[]},"expression":"Test_col1"}],"sourceFields":[{"@type":"field","id":9974499,"name":"Test_col1","type":"nstring","uniqueName":"Test_col1","label":"Test_col1","parentObject":"Test_HRS_Int6.txt","pcType":"UNISTRING","precision":255,"scale":0,"columnIndex":0,"isKey":false,"isExternalId":false,"isSfIdLookup":false,"isNullable":true,"isUnique":false,"isCreateable":false,"isUpdateable":true,"isFilterable":true,"isCalculated":false,"showLabel":false,"naturalOrder":0,"linkedFields":["XYZ"],"relatedInfos":[],"references":[]}],"sortFields":[],"groupFields":[]}]