[{"@type":"mtTask","id":"@1","name":"mt_FILE_NAME_PROCESSING_ADJ","description":"This task will extract data from source file HCR_File_Name.txt","runtimeEnvironmentId":"@5cmGOvg3aOOcKvEBDZv2ow","maxLogs":10,"verbose":false,"lastRunTime":1560780180000,"mappingId":"@1EeYb8jk33Vh98rFcDZW4F","shortDescription":"This task will extract data from source file HCR_F...","sessionProperties":{},"enableCrossSchemaPushdown":true,"parameters":[{"@type":"mtTaskParameter","id":11078063,"name":"$src_FILENAME$","type":"EXTENDED_SOURCE","label":"src_FILENAME","uiProperties":{"connectionParameterized":"false","isMsrcFilterParameterized":"false","isMsrcSortParameterized":"false","objectParameterized":"false","visible":"false"},"sourceConnectionId":"@0PIUNF3VavJg1dO7gJUxqU","newFlatFile":false,"newObject":false,"showBusinessNames":false,"naturalOrder":true,"truncateTarget":false,"bulkApiDBTarget":false,"srcFFAttrs":{"@type":"flatFileAttrs","id":2089495,"delimiter":",","textQualifier":"none","escapeChar":"\"","headerLineNo":1,"firstDataRow":2},"customFuncCfg":{"@type":"customFuncConfig","id":-1,"connections":[],"inputMap":[],"outputFields":[]},"tgtFieldRefs":{},"targetUpdateColumns":[],"extendedObject":{"@type":"extendedObject","object":{"@type":"mObject","name":"HCR_File_Name_ADJ.txt","label":"HCR_File_Name_ADJ.txt","metadataUpdated":false,"relations":[],"children":[]},"filters":[],"sortFields":[]},"runtimeAttrs":{},"isRESTModernSource":true,"isFileList":false,"handleSpecialChars":false,"frsAsset":false,"tgtObjectAttributes":{},"runtimeParameterData":{"@type":"mtTaskRuntimeParameterData","isConnectionRuntimeParameter":false,"isObjectRuntimeParameter":false},"overriddenFields":[]},{"@type":"mtTaskParameter","id":11078064,"name":"$tgt_FILENAME$","type":"TARGET","label":"tgt_FILENAME","uiProperties":{"connectionParameterized":"false","objectParameterized":"false","visible":"false","defaultTargetUpdateColumns":""},"targetConnectionId":"@6VLGAmwbNRjeKEA6zebu43","targetObject":"FILENAME_HAR_ADJ.txt","targetObjectLabel":"FILENAME_HAR_ADJ.txt","newFlatFile":false,"newObject":false,"showBusinessNames":false,"naturalOrder":true,"truncateTarget":false,"bulkApiDBTarget":false,"operationType":"Insert","tgtFFAttrs":{"@type":"flatFileAttrs","id":2089496,"delimiter":",","textQualifier":"none","escapeChar":"\"","headerLineNo":1},"customFuncCfg":{"@type":"customFuncConfig","id":-1,"connections":[],"inputMap":[],"outputFields":[]},"tgtFieldRefs":{},"targetUpdateColumns":[],"extendedObject":{"@type":"extendedObject","filters":[],"sortFields":[]},"runtimeAttrs":{},"isRESTModernSource":true,"isFileList":false,"handleSpecialChars":false,"frsAsset":false,"tgtObjectAttributes":{},"runtimeParameterData":{"@type":"mtTaskRuntimeParameterData","isConnectionRuntimeParameter":false,"isObjectRuntimeParameter":false},"overriddenFields":[]}],"sequences":[],"inOutParameters":[{"@type":"mtTaskInOutParameter","id":"-1","name":"Filename","description":"","initialValue":"","datatype":"INTEGER","precision":"10","scale":"0","retentionPolicy":"ON_SUCCESS_OR_WARNING","aggregationType":"COUNT","currentValue":"1"}],"connRuntimeAttrs":[]}]