[{"@type":"connection","id":"@1","name":"TDA_EIS_DM_01_TPT","runtimeEnvironmentId":"@5cmGOvg3aOOcKvEBDZv2ow","instanceName":"Teradata","instanceDisplayName":"Teradata","type":"TOOLKIT","port":0,"majorUpdateTime":"2020-03-19T22:14:55.000Z","timeout":60,"connParams":{"Enable Metadata Quotification":"false","agentId":"0109VC08000000000004","TDPID":"EDWDEV.UTG.UVN.NET","agentGroupId":"0109VC25000000000004","Data Encryption":"0","Block Size":"64000","orgId":"0109VC","mode":"UPDATE","Max Sessions":"16","Sleep":"6","Database Name":"EIS_DM_VW","Username":"EIS_LOAD_01","Metadata Advanced Connection Properties":"tmode=ANSI","Min Sessions":"8","Authentication Type":"Native","Tenacity":"4","codePage":"MS1252","Password":"********"}}]