[{"@type":"connection","id":"@1","name":"PGRE_EIS_SA02","description":"Native connection to read Postgre DB from Secure Agent 02","runtimeEnvironmentId":"@5cmGOvg3aOOcKvEBDZv2ow","instanceName":"PostgreSQL","instanceDisplayName":"PostgreSQL","shortDescription":"Native connection to read Postgre DB from Secure A...","type":"TOOLKIT_CCI","port":0,"majorUpdateTime":"2020-05-06T13:51:51.000Z","timeout":60,"connParams":{"schema":"","additionalConnectionProperties":"","tlsv1_2":"false","hostName":"fl1-eis-dsa02.utg.uvn.net","tlsv1_1":"false","agentId":"0109VC08000000000004","sslv3":"false","tlsv1":"false","validateServerCertificate":"false","keyStorePassword":"********","agentGroupId":"0109VC25000000000004","userName":"bpeluser","encryptionMethod":"noEncryption","CCM_CONN_PRESENTATION":"{\"type\":\"TOOLKIT_CCI\",\"instanceName\":\"PostgreSQL\",\"groups\":[{\"groups\":[{\"groups\":[],\"attributes\":[{\"name\":\"agentGroupId\",\"displayName\":\"conn_agent_group\",\"tooltip\":\"conn_agent_group_help\",\"type\":\"AGENTGROUP\",\"maxLength\":0,\"mandatory\":true,\"disabled\":false,\"hidden\":false,\"hasDependentAttributes\":false,\"connectionParam\":false,\"encrypted\":false,\"isNative\":false,\"attrId\":0,\"deprecated\":false}],\"title\":\"PostgreSQL Properties\",\"enableDocHelp\":true,\"docHelpContextId\":\"REL_PostgreSQL_CONN\",\"collapse\":false},{\"groups\":[],\"attributes\":[{\"name\":\"hostName\",\"displayName\":\"Host Name:\",\"defaultValue\":\"\",\"type\":\"STRING\",\"maxLength\":0,\"mandatory\":true,\"disabled\":false,\"hidden\":false,\"hasDependentAttributes\":false,\"connectionParam\":false,\"encrypted\":false,\"isNative\":false,\"attrId\":0,\"deprecated\":false},{\"name\":\"port\",\"displayName\":\"Port:\",\"defaultValue\":\"5432\",\"type\":\"INTEGER\",\"maxLength\":0,\"mandatory\":true,\"disabled\":false,\"hidden\":false,\"hasDependentAttributes\":false,\"connectionParam\":false,\"encrypted\":false,\"isNative\":false,\"attrId\":0,\"deprecated\":false},{\"name\":\"database\",\"displayName\":\"Database:\",\"defaultValue\":\"\",\"type\":\"STRING\",\"maxLength\":0,\"mandatory\":true,\"disabled\":false,\"hidden\":false,\"hasDependentAttributes\":false,\"connectionParam\":false,\"encrypted\":false,\"isNative\":false,\"attrId\":0,\"deprecated\":false},{\"name\":\"schema\",\"displayName\":\"Schema:\",\"defaultValue\":\"\",\"type\":\"STRING\",\"maxLength\":0,\"mandatory\":false,\"disabled\":false,\"hidden\":true,\"hasDependentAttributes\":false,\"connectionParam\":false,\"encrypted\":false,\"isNative\":false,\"attrId\":0,\"deprecated\":false},{\"name\":\"userName\",\"displayName\":\"User Name:\",\"defaultValue\":\"\",\"type\":\"STRING\",\"maxLength\":0,\"mandatory\":true,\"disabled\":false,\"hidden\":false,\"hasDependentAttributes\":false,\"connectionParam\":false,\"encrypted\":false,\"isNative\":false,\"attrId\":0,\"deprecated\":false},{\"name\":\"password\",\"displayName\":\"Password:\",\"defaultValue\":\"\",\"type\":\"PASSWORD\",\"maxLength\":0,\"mandatory\":true,\"disabled\":false,\"hidden\":false,\"hasDependentAttributes\":false,\"connectionParam\":false,\"encrypted\":true,\"isNative\":false,\"attrId\":0,\"deprecated\":false},{\"name\":\"encryptionMethod\",\"displayName\":\"Encryption Method:\",\"tooltip\":\"Determines whether data is encrypted or decrypted when transmitted over the network between the driver and the database server.\",\"defaultValue\":\"noEncryption\",\"type\":\"LIST\",\"maxLength\":0,\"mandatory\":false,\"disabled\":false,\"hidden\":false,\"hasDependentAttributes\":true,\"connectionParam\":false,\"options\":[{\"name\":\"noEncryption\",\"displayName\":\"noEncryption\"},{\"name\":\"SSL\",\"displayName\":\"SSL\"},{\"name\":\"requestSSL\",\"displayName\":\"requestSSL\"}],\"subgroups\":[{\"name\":\"noEncryption\",\"group\":{\"groups\":[],\"attributes\":[],\"enableDocHelp\":false,\"collapse\":false}},{\"name\":\"SSL\",\"group\":{\"groups\":[],\"attributes\":[],\"enableDocHelp\":false,\"collapse\":false}},{\"name\":\"requestSSL\",\"group\":{\"groups\":[],\"attributes\":[],\"enableDocHelp\":false,\"collapse\":false}},{\"name\":\"UNKNOWN\"}],\"encrypted\":false,\"isNative\":false,\"attrId\":0,\"deprecated\":false},{\"name\":\"validateServerCertificate\",\"displayName\":\"Validate Server Certificate:\",\"tooltip\":\"Determines whether the server certificate is validated by the client during SSL negotiation.\",\"defaultValue\":\"false\",\"type\":\"BOOLEAN\",\"maxLength\":0,\"mandatory\":false,\"disabled\":false,\"hidden\":false,\"hasDependentAttributes\":true,\"connectionParam\":false,\"subgroups\":[{\"name\":\"true\",\"group\":{\"groups\":[],\"attributes\":[],\"enableDocHelp\":false,\"collapse\":false}},{\"name\":\"false\",\"group\":{\"groups\":[],\"attributes\":[],\"enableDocHelp\":false,\"collapse\":false}}],\"encrypted\":false,\"isNative\":false,\"attrId\":0,\"deprecated\":false},{\"name\":\"trustStore\",\"displayName\":\"TrustStore:\",\"tooltip\":\"Specifies the TrustStore file which the client will validate against the server certificate when you enable SSL. \",\"defaultValue\":\"\",\"type\":\"STRING\",\"maxLength\":0,\"mandatory\":false,\"disabled\":false,\"hidden\":false,\"hasDependentAttributes\":false,\"connectionParam\":false,\"encrypted\":false,\"isNative\":false,\"attrId\":0,\"deprecated\":false},{\"name\":\"trustStorePassword\",\"displayName\":\"TrustStore Password:\",\"tooltip\":\"Specifies the password for TrustStore file.\",\"defaultValue\":\"\",\"type\":\"PASSWORD\",\"maxLength\":0,\"mandatory\":false,\"disabled\":false,\"hidden\":false,\"hasDependentAttributes\":false,\"connectionParam\":false,\"encrypted\":true,\"isNative\":false,\"attrId\":0,\"deprecated\":false},{\"name\":\"hostNameInCertificate\",\"displayName\":\"Host name in Certificate:\",\"tooltip\":\"Specifies a host name to validate the server certificate when you enable SSL and set ValidateServerCertificate to true.\",\"defaultValue\":\"\",\"type\":\"STRING\",\"maxLength\":0,\"mandatory\":false,\"disabled\":false,\"hidden\":false,\"hasDependentAttributes\":false,\"connectionParam\":false,\"encrypted\":false,\"isNative\":false,\"attrId\":0,\"deprecated\":false},{\"name\":\"keyStore\",\"displayName\":\"KeyStore:\",\"tooltip\":\"Specifies the KeyStore file which server will validate client certificate against when you enable SSL. \",\"defaultValue\":\"\",\"type\":\"STRING\",\"maxLength\":0,\"mandatory\":false,\"disabled\":false,\"hidden\":false,\"hasDependentAttributes\":false,\"connectionParam\":false,\"encrypted\":false,\"isNative\":false,\"attrId\":0,\"deprecated\":false},{\"name\":\"keyStorePassword\",\"displayName\":\"KeyStore Password:\",\"tooltip\":\"Specifies the password for the KeyStore file.\",\"defaultValue\":\"\",\"type\":\"PASSWORD\",\"maxLength\":0,\"mandatory\":false,\"disabled\":false,\"hidden\":false,\"hasDependentAttributes\":false,\"connectionParam\":false,\"encrypted\":true,\"isNative\":false,\"attrId\":0,\"deprecated\":false},{\"name\":\"keyPassword\",\"displayName\":\"Key Password:\",\"tooltip\":\"Specifies the password to access individual keys in the KeyStore file when you enable SSL on the client and enable SSL client authentication on the database server. \",\"defaultValue\":\"\",\"type\":\"PASSWORD\",\"maxLength\":0,\"mandatory\":false,\"disabled\":false,\"hidden\":false,\"hasDependentAttributes\":false,\"connectionParam\":false,\"encrypted\":true,\"isNative\":false,\"attrId\":0,\"deprecated\":false},{\"name\":\"additionalConnectionProperties\",\"displayName\":\"Additional Connection Properties:\",\"tooltip\":\"Additional semicolon separated connection properties as a key-value pair which are not present in the connection UI wizard.\",\"defaultValue\":\"\",\"type\":\"STRING\",\"maxLength\":0,\"mandatory\":false,\"disabled\":false,\"hidden\":false,\"hasDependentAttributes\":false,\"connectionParam\":false,\"encrypted\":false,\"isNative\":false,\"attrId\":0,\"deprecated\":false}],\"type\":\"GROUP\",\"enableDocHelp\":false,\"collapse\":false},{\"groups\":[],\"attributes\":[{\"name\":\"sslv3\",\"displayName\":\"SSLv3:\",\"defaultValue\":\"false\",\"type\":\"BOOLEAN\",\"maxLength\":0,\"mandatory\":false,\"disabled\":false,\"hidden\":false,\"hasDependentAttributes\":false,\"connectionParam\":false,\"encrypted\":false,\"isNative\":false,\"attrId\":0,\"deprecated\":false},{\"name\":\"tlsv1\",\"displayName\":\"TLSv1:\",\"defaultValue\":\"false\",\"type\":\"BOOLEAN\",\"maxLength\":0,\"mandatory\":false,\"disabled\":false,\"hidden\":false,\"hasDependentAttributes\":false,\"connectionParam\":false,\"encrypted\":false,\"isNative\":false,\"attrId\":0,\"deprecated\":false},{\"name\":\"tlsv1_1\",\"displayName\":\"TLSv1_1:\",\"tooltip\":\"Specifies the TLSv1.1 protocol and is applicable only if you enable SSL.\",\"defaultValue\":\"false\",\"type\":\"BOOLEAN\",\"maxLength\":0,\"mandatory\":false,\"disabled\":false,\"hidden\":false,\"hasDependentAttributes\":false,\"connectionParam\":false,\"encrypted\":false,\"isNative\":false,\"attrId\":0,\"deprecated\":false},{\"name\":\"tlsv1_2\",\"displayName\":\"TLSv1_2:\",\"tooltip\":\"Specifies the TLSv1.2 protocol and is applicable only if you enable SSL.\",\"defaultValue\":\"false\",\"type\":\"BOOLEAN\",\"maxLength\":0,\"mandatory\":false,\"disabled\":false,\"hidden\":false,\"hasDependentAttributes\":false,\"connectionParam\":false,\"encrypted\":false,\"isNative\":false,\"attrId\":0,\"deprecated\":false}],\"type\":\"GROUP\",\"title\":\"Crypto Protocol Versions\",\"enableDocHelp\":false,\"collapse\":false}],\"attributes\":[],\"type\":\"PAGE\",\"enableDocHelp\":false,\"collapse\":false}],\"attributes\":[]}","orgId":"0109VC","trustStorePassword":"********","database":"activevos","password":"********","port":"5432","keyPassword":"********","keyStore":"","trustStore":"","hostNameInCertificate":""}}]