[{"@type":"connection","id":"@1","name":"LookupV3","runtimeEnvironmentId":"@5cmGOvg3aOOcKvEBDZv2ow","instanceName":"REST V2","instanceDisplayName":"REST V2","type":"TOOLKIT","port":0,"majorUpdateTime":"2018-11-06T17:20:40.000Z","timeout":60,"connParams":{"agentId":"0109VC08000000000004","agentGroupId":"0109VC25000000000004","OAuth Token Secret":"********","Proxy Type":"Platform Proxy","Auth Password":"********","orgId":"0109VC","KeyStore Password":"********","mode":"CREATE","TrustStore Password":"********","Proxy Configuration":"host:port","Swagger File Path":"/app/projects/swagger/LookupV3.json","OAuth Consumer Secret":"********","Authentication Type":"NONE","connectionTypes":"com.infa.adapter.genericrest.connection.GenericRestConnectInfo"}}]