[{"@type":"mappingTemplate","id":"@1","name":"m_RECON_PROCESS_EXTRACT_COUNTS_HCR","description":"","bundleVersion":"0","templateId":"@3","deployTime":1560777401000,"hasParameters":true,"valid":true,"fixedConnection":true,"hasParametersDeployed":true,"fixedConnectionDeployed":true,"tasks":2,"mappingPreviewFileRecordId":"@2","references":[{"@type":"reference","refObjectId":"@8SZPZ9ebtIUf0nc1VnH50e","refType":"connection"},{"@type":"reference","refObjectId":"@3qqUzsZRJw1j1QqGl9mucS","refType":"connection"},{"@type":"reference","refObjectId":"@6VLGAmwbNRjeKEA6zebu43","refType":"connection"}]}]