[{"@type":"mappingTemplate","id":"@1","name":"m_RECON_PROCESS_OUTPUT_DETL_ADJ","description":"","bundleVersion":"0","templateId":"@3","deployTime":1560770813000,"hasParameters":false,"valid":true,"fixedConnection":true,"hasParametersDeployed":false,"fixedConnectionDeployed":true,"tasks":1,"mappingPreviewFileRecordId":"@2","references":[{"@type":"reference","refObjectId":"@3qqUzsZRJw1j1QqGl9mucS","refType":"connection"},{"@type":"reference","refObjectId":"@6VLGAmwbNRjeKEA6zebu43","refType":"connection"}]}]