[{"@type":"mappingTemplate","id":"@1","name":"m_UVN_HAR_PAY_DETAILS_ADJUSTMENT_FILES","description":"This mapping fetches data from different Adjustment flat files and populates it under two targets namely:\nUVN_HAR_PAY_DTL\nUVN_HAR_PAY_DTL_ARCH ","bundleVersion":"0","templateId":"@3","deployTime":1560762360000,"hasParameters":true,"valid":true,"fixedConnection":true,"hasParametersDeployed":true,"fixedConnectionDeployed":true,"tasks":1,"mappingPreviewFileRecordId":"@2","references":[{"@type":"reference","refObjectId":"@6VLGAmwbNRjeKEA6zebu43","refType":"connection"},{"@type":"reference","refObjectId":"@fOH443enHeUb81SQAeUiGE","refType":"connection"},{"@type":"reference","refObjectId":"@0PIUNF3VavJg1dO7gJUxqU","refType":"connection"}]}]