[{"@type":"fileRecord","id":"@4","name":"metadata","type":"JSON","size":4216,"attachTime":1580149091000},{"@type":"fileRecord","id":"@5","name":"request","type":"XSD","size":8270,"attachTime":1580149091000},{"@type":"fileRecord","id":"@2","name":"extension","type":"XML","size":25638,"attachTime":1580149091000},{"@type":"fileRecord","id":"@3","name":"fault","type":"XSD","size":6200,"attachTime":1580149091000},{"@type":"fileRecord","id":"@6","name":"response","type":"XSD","size":8430,"attachTime":1580149091000}]