[{"@type":"mappingTemplate","id":"@1","name":"m_FILE_NAME_PROCESSING_HCR","description":"","bundleVersion":"0","templateId":"@3","deployTime":1560767180000,"hasParameters":false,"valid":true,"fixedConnection":true,"hasParametersDeployed":false,"fixedConnectionDeployed":true,"tasks":1,"mappingPreviewFileRecordId":"@2","references":[{"@type":"reference","refObjectId":"@0PIUNF3VavJg1dO7gJUxqU","refType":"connection"},{"@type":"reference","refObjectId":"@6VLGAmwbNRjeKEA6zebu43","refType":"connection"}]}]