[{"@type":"connection","id":"@1","name":"ORA_EBS_ADP","description":"HRS Oracle EBS Connectivity","runtimeEnvironmentId":"@5cmGOvg3aOOcKvEBDZv2ow","instanceDisplayName":"Oracle","host":"nj4-ebs-dorc1.utg.uvn.net","database":"V5DEVL","codepage":"MS1252","adjustedJdbcHostName":"nj4-ebs-dorc1.utg.uvn.net","shortDescription":"HRS Oracle EBS Connectivity","type":"Oracle","port":1521,"password":"********","username":"hriuser","majorUpdateTime":"2019-07-25T10:49:18.000Z","timeout":60,"connParams":{"agentId":"0109VC08000000000004","CryptoProtocolVersion":"TLSv1","agentGroupId":"0109VC25000000000004","encryptionMethod":"NoEncryption","orgId":"0109VC","ValidateServerCertificate":"False"}}]